[
    {
        "id": "de8cc312.f5276",
        "type": "mqtt in",
        "z": "eb67361.f81a948",
        "name": "",
        "topic": "/out/devices/FX5U/readings",
        "qos": "0",
        "datatype": "json",
        "broker": "b3bd9f71.df4ba",
        "x": 1100,
        "y": 80,
        "wires": [
            [
                "ea9b43e8.e069f8"
            ]
        ]
    },
    {
        "id": "ea9b43e8.e069f8",
        "type": "debug",
        "z": "eb67361.f81a948",
        "name": "",
        "active": true,
        "tosidebar": true,
        "console": false,
        "tostatus": false,
        "complete": "false",
        "x": 1170,
        "y": 120,
        "wires": []
    },
    {
        "id": "b3bd9f71.df4ba",
        "type": "mqtt-broker",
        "z": "",
        "name": "",
        "broker": "localhost",
        "port": "1883",
        "clientid": "",
        "usetls": false,
        "compatmode": true,
        "keepalive": "60",
        "cleansession": true,
        "birthTopic": "",
        "birthQos": "0",
        "birthPayload": "",
        "closeTopic": "",
        "closeQos": "0",
        "closePayload": "",
        "willTopic": "",
        "willQos": "0",
        "willPayload": ""
    }
]
