[
    {
        "id": "db24f056.53fc7",
        "type": "qi-chameleon-source",
        "z": "6ac440.848d8bc",
        "name": "",
        "deviceId": "test_chameleon_sink",
        "x": 200,
        "y": 80,
        "wires": [
            [
                "591ac039.ab5228"
            ]
        ]
    },
    {
        "id": "f9993e2e.995d",
        "type": "debug",
        "z": "6ac440.848d8bc",
        "name": "",
        "active": true,
        "tosidebar": true,
        "console": false,
        "tostatus": false,
        "complete": "false",
        "x": 430,
        "y": 160,
        "wires": []
    },
    {
        "id": "591ac039.ab5228",
        "type": "qi-forward-on-match",
        "z": "6ac440.848d8bc",
        "name": "",
        "schema": "{\"$schema\":\"http://json-schema.org/draft-07/schema#\",\"type\":\"object\",\"required\":[\"deviceId\",\"at\",\"channels\"],\"properties\":{\"deviceId\":{\"type\":\"string\"},\"at\":{\"type\":\"object\",\"required\":[\"sec\",\"us\"],\"properties\":{\"sec\":{\"type\":\"integer\",\"minimum\":0},\"us\":{\"type\":\"integer\",\"minimum\":0,\"maximum\":999999}}},\"channels\":{\"type\":\"object\",\"required\":[\"float_channel\",\"integer_channel\",\"string_channel\"],\"properties\":{\"float_channel\":{\"type\":\"number\"},\"integer_channel\":{\"type\":\"number\"},\"string_channel\":{\"type\":\"string\"}}}}}",
        "schemaType": "json",
        "removeAdditional": true,
        "x": 260,
        "y": 160,
        "wires": [
            [
                "f9993e2e.995d"
            ]
        ]
    }
]
